attribute,chi_square,dof,p_value,cramers_v,significant_p05
GenHlth,18193.703885350526,4,0.0,0.28157482185325494,True
HighBP,14841.84083336837,1,0.0,0.25431802481335486,True
BMI,11303.893222300627,9,0.0,0.22194597845880984,True
DiffWalk,9672.096771311502,1,0.0,0.20530218595977204,True
HighChol,8720.747617300976,1,0.0,0.19494410908594537,True
Age,8207.83159010538,12,0.0,0.18912436178628095,True
HeartDiseaseorAttack,6493.120959323924,1,0.0,0.16821317327593782,True
PhysHlth,6010.90602529471,30,0.0,0.16184646798948288,True
Income,4637.195742032824,7,0.0,0.1421546175364323,True
Education,2508.4053620030304,5,0.0,0.10455194518107866,True
PhysActivity,2313.3342342690894,1,0.0,0.10040433162205237,True
Stroke,2257.865846857223,1,0.0,0.0991932966698168,True
CholCheck,1206.9508090595614,1,1.8823398616939947e-264,0.07252338094086169,True
MentHlth,1121.4857334012136,30,1.0609913609087598e-216,0.06990852412786892,True
HvyAlcoholConsump,998.0753470256286,1,4.705615973881436e-219,0.06595001842697046,True
Smoker,475.151853310924,1,2.424937870979358e-105,0.04550398911142424,True
Veggies,399.6764886488288,1,6.476778978674397e-89,0.04173376417288424,True
Sex,245.73700543540033,1,2.207203445593732e-55,0.032724162292064714,True
AnyHealthcare,147.2480959099234,1,6.926223851250758e-34,0.025331336307725265,True
Fruits,141.1964308763071,1,1.4574364772657023e-32,0.024805336132517192,True
NoDocbcCost,92.23325477212649,1,7.703926435678365e-22,0.020048275618899165,True
