,Diabetes_binary
GenHlth,0.27693981766899534
HighBP,0.2543180248133475
BMI,0.21847440641985416
DiffWalk,0.20530218595976904
HighChol,0.1949441090859469
Age,0.17726334728282586
HeartDiseaseorAttack,0.16821317327593757
PhysHlth,0.15621082600259353
Income,-0.1406587397815837
Education,-0.10268615213884301
PhysActivity,-0.10040433162205263
Stroke,0.09919329666981778
CholCheck,0.07252338094086237
HvyAlcoholConsump,-0.06595001842697058
MentHlth,0.05415267828059934
Smoker,0.04550398911142389
Veggies,-0.04173376417288371
Sex,0.032724162292064575
AnyHealthcare,0.025331336307726108
Fruits,-0.02480533613251714
NoDocbcCost,0.020048275618899422
