variable,code,label,ordinal_rank,numeric_value
Age,1,18-24,1,21.0
Age,2,25-29,2,27.0
Age,3,30-34,3,32.0
Age,4,35-39,4,37.0
Age,5,40-44,5,42.0
Age,6,45-49,6,47.0
Age,7,50-54,7,52.0
Age,8,55-59,8,57.0
Age,9,60-64,9,62.0
Age,10,65-69,10,67.0
Age,11,70-74,11,72.0
Age,12,75-79,12,77.0
Age,13,80 or older,13,84.0
Education,1,Never attended school or only kindergarten,1,0.0
Education,2,Grades 1-8 (Elementary),2,5.0
Education,3,Grades 9-11 (Some high school),3,10.0
Education,4,Grade 12 or GED (High school graduate),4,12.0
Education,5,College 1-3 years (Some college/technical),5,14.0
Education,6,College 4 years or more (College graduate),6,16.0
Income,1,Less than $10000,1,7500.0
Income,2,$10000 to less than $15000,2,12500.0
Income,3,$15000 to less than $20000,3,17500.0
Income,4,$20000 to less than $25000,4,22500.0
Income,5,$25000 to less than $35000,5,30000.0
Income,6,$35000 to less than $50000,6,42500.0
Income,7,$50000 to less than $75000,7,62500.0
Income,8,$75000 or more,8,87500.0
GenHlth,1,Excellent,1,1.0
GenHlth,2,Very good,2,2.0
GenHlth,3,Good,3,3.0
GenHlth,4,Fair,4,4.0
GenHlth,5,Poor,5,5.0
Sex,0,Female,1,0.0
Sex,1,Male,2,1.0
Diabetes_binary,0,No diabetes,1,0.0
Diabetes_binary,1,Prediabetes or diabetes,2,1.0
